보호소명,시도,시군구,총보호건수,입양건수,자연사건수,안락사건수,반환건수,평균보호기간,개비율,고양이비율,입양률,안락사율,자연사율
제주 동물보호센터,제주특별자치도,제주특별자치도,34673,5167,6478,19506,1940,10.56470452513483,87.48594006864131,12.228535171459061,14.9,56.26,18.68
평택시유기동물보호소,경기도,평택시,14827,4425,3080,4915,1359,10.13724961219397,78.53915154785189,18.82376745127133,29.84,33.15,20.77
밀양시 동물보호센터,경상남도,밀양시,12385,3889,4024,3150,440,10.567622123536536,85.72466693580945,13.87969317723052,31.4,25.43,32.49
익산유기동물보호소,전북특별자치도,익산시,11094,5822,3297,725,828,10.706598161168198,72.70596718947179,26.032089417703265,52.48,6.54,29.72
화성동물보호센터,경기도,화성시,10391,2222,3504,3040,915,9.284284476951207,86.25733808103166,12.472331825618324,21.38,29.26,33.72
군산유기동물보호센터,전북특별자치도,군산시,9939,3786,3436,1626,836,11.912566656605293,66.304457188852,30.264614146292384,38.09,16.36,34.57
반려동물보호센터,충청북도,청주시,9865,4613,1151,1439,2047,10.543233654333502,67.09579320831222,27.551951343132288,46.76,14.59,11.67
(사)영일동물플러스,경상북도,포항시,9271,4531,1502,2041,1071,10.269550210333298,73.96181641678352,23.956423255312266,48.87,22.01,16.2
한국동물구조관리협회,경기도,포천시,8253,1478,1314,4707,593,10.61698776202593,83.99369926087483,14.818853750151458,17.91,57.03,15.92
고양시동물보호센터,경기도,고양시,8171,2232,1651,1746,1584,10.57190062415861,73.29580222738954,22.88581568963407,27.32,21.37,20.21
경주동물사랑보호센터,경상북도,경주시,7763,3227,1461,2218,709,10.595517196959937,74.12082957619477,25.016102022414017,41.57,28.57,18.82
나주유기동물보호센터,전라남도,나주시,7050,927,3872,1975,216,10.598581560283687,79.13475177304964,20.794326241134755,13.15,28.01,54.92
거제시동물보호센터,경상남도,거제시,6840,2364,2351,784,606,10.408040935672515,55.62865497076024,32.96783625730994,34.56,11.46,34.37
목포시유기동물보호소,전라남도,목포시,6836,2118,2627,433,1219,10.448946752486835,66.33996489174956,31.68519602106495,30.98,6.33,38.43
남양주동물보호협회,경기도,남양주시,6720,1987,2330,1338,946,10.554166666666667,78.16964285714286,20.416666666666668,29.57,19.91,34.67
광주동물보호센터,광주광역시,북구,6563,1612,3125,591,981,9.412159073594394,45.61938138046625,51.60749657168978,24.56,9.01,47.62
울산유기동물보호센터,울산광역시,울주군,6469,935,3857,1060,363,10.698716957798732,71.74215489256454,26.974802906167877,14.45,16.39,59.62
한국야생동물보호협회,경기도,안산시,6322,1654,1103,1398,1626,22.364916165770325,80.87630496678267,14.125276811135718,26.16,22.11,17.45
한국동물구조관리협회,경기도,김포시,6296,1159,1079,3346,642,10.637706480304956,83.05273189326556,15.56543837357052,18.41,53.14,17.14
안성시동물보호센터,경기도,안성시,6161,1122,1647,2315,665,10.534653465346535,85.96007141697777,12.433046583346858,18.21,37.58,26.73
펫앤쉘터동물병원,경기도,성남시,5932,2637,580,310,1742,10.48128792987188,60.70465273095077,32.48482805124747,44.45,5.23,9.78
원주시동물보호센터,강원특별자치도,원주시,5901,1071,3035,519,1257,10.6015929503474,65.37874936451449,26.58871377732588,18.15,8.8,51.43
천안시 동물보호센터,충청남도,천안시,5801,1724,1608,1277,998,10.640062058265816,67.12635752456472,30.5636959144975,29.72,22.01,27.72
유기동물및관리협회,경상남도,김해시,5776,1080,3935,404,340,10.612188365650969,75.2770083102493,21.849030470914126,18.7,6.99,68.13
창녕 유기동물보호소,경상남도,창녕군,5768,651,1806,2696,253,10.567094313453536,86.00901525658807,13.609570041608876,11.29,46.74,31.31
광주동물보호센터,광주광역시,광산구,5753,1530,2529,720,803,9.49869633234834,55.53624196071615,41.59568920563184,26.59,12.52,43.96
경산시유기동물보호소,경상북도,경산시,5704,2261,1629,1092,653,10.09274193548387,83.41514726507714,15.603085553997195,39.64,19.14,28.56
위더스 동물보호센터,경기도,이천시,5643,1862,2462,1122,135,10.597022860180754,73.13485734538367,25.429735956051747,33.0,19.88,43.63
창원동물보호센터,경상남도,창원시,5256,2227,548,693,1675,9.540525114155251,98.85844748858447,0.17123287671232876,42.37,13.18,10.43
당진시동물보호소,충청남도,당진시,5195,1980,1535,1111,516,9.537439846005775,87.12223291626565,10.452358036573628,38.11,21.39,29.55
가정동물병원,인천광역시,서구,5132,2343,1209,411,903,10.618667186282151,59.78176149649259,36.438035853468435,45.65,8.01,23.56
용인시 동물보호센터,경기도,용인시,5121,2000,302,290,774,10.50888498340168,74.47764108572544,22.61277094317516,39.05,5.66,5.9
위더스 동물보호센터,경기도,여주시,5083,1655,2106,1139,93,10.553216604367499,76.136140074759,22.112925437733622,32.56,22.41,41.43
수원시 동물보호센터,경기도,수원시,4966,1811,837,391,1702,10.37555376560612,64.31735803463552,30.829641562625852,36.47,7.87,16.85
한국동물구조관리협회,경기도,양주시,4872,974,824,2468,526,10.61555829228243,82.63546798029556,15.886699507389162,19.99,50.66,16.91
중부벳동물병원,충청남도,아산시,4691,3198,384,429,624,9.63376678746536,71.60520144958431,24.493711362182903,68.17,9.15,8.19
베스트동물병원,인천광역시,강화군,4470,1326,1329,1523,248,10.625503355704698,75.79418344519016,23.400447427293063,29.66,34.07,29.73
강릉시 동물사랑센터,강원특별자치도,강릉시,4355,2288,775,418,843,10.39540757749713,75.6142365097589,23.513203214695753,52.54,9.6,17.8
인천광역시수의사회,인천광역시,남동구,4309,1127,1715,243,914,10.514040380598747,58.296588535623115,38.24553260617313,26.15,5.64,39.8
대전동물보호센터,대전광역시,서구,4190,1292,928,596,1353,10.555131264916469,62.004773269689736,34.77326968973747,30.84,14.22,22.15
진주시동물보호센터,경상남도,진주시,4112,1324,729,1570,374,10.599951361867705,98.85700389105058,0.7782101167315175,32.2,38.18,17.73
신영재동물병원,인천광역시,계양구,4069,1021,1859,355,796,10.573113787171295,57.139346276726464,40.894568690095845,25.09,8.72,45.69
반려동물보호센터,전라남도,여수시,4037,2025,820,81,1025,10.463710676244736,94.40178350260095,3.913797374287838,50.16,2.01,20.31
경동동물병원,인천광역시,미추홀구,4035,1062,1521,242,936,10.705576208178439,63.44485749690211,32.7633209417596,26.32,6.0,37.7
행복한동물병원,전북특별자치도,전주시,4000,1465,1528,362,577,9.43875,50.449999999999996,46.975,36.62,9.05,38.2
광주TNR동물병원송정,경기도,광주시,3967,1342,998,267,211,10.617847239727753,31.056213763549284,67.2296445676834,33.83,6.73,25.16
서산시 동물보호센터,충청남도,서산시,3946,905,652,1754,451,7.427774961986822,83.52762290927521,15.281297516472378,22.93,44.45,16.52
금일동물보호센터,충청남도,홍성군,3829,1854,910,432,280,7.337947244711413,93.99320971533037,4.831548707234265,48.42,11.28,23.77
정선가축병원,강원특별자치도,정선군,3809,1472,893,1372,58,7.127592543974797,44.99868731950643,54.84379102126542,38.65,36.02,23.44
순천시유기동물보호소,전라남도,순천시,3741,1180,1656,413,454,10.49852980486501,93.58460304731355,4.731355252606255,31.54,11.04,44.27
광주동물보호센터,광주광역시,서구,3719,877,1740,360,599,9.418123151384782,45.012100026888945,51.81500403334229,23.58,9.68,46.79
대구유기동물보호협회,대구광역시,달서구,3677,731,1748,616,554,10.499048137068263,43.432145771008976,52.134892575469124,19.88,16.75,47.54
동부유기동물보호협회,부산광역시,해운대구,3638,1066,1855,62,530,10.636613523914239,36.83342495876855,41.64376030786146,29.3,1.7,50.99
춘천시 동물보호센터,강원특별자치도,춘천시,3633,1066,503,720,1227,10.056151940545003,96.22901183594826,1.5964767409854113,29.34,19.82,13.85
한국동물구조관리협회,경기도,연천군,3616,529,509,2178,346,10.61283185840708,86.80862831858407,11.974557522123893,14.63,60.23,14.08
동물보호관리협회,부산광역시,부산진구,3603,841,2304,47,359,10.714682209270054,37.10796558423536,60.25534276991395,23.34,1.3,63.95
양평군유기동물보호소,경기도,양평군,3581,1185,316,1185,682,10.36414409382854,94.2474169226473,4.049148282602625,33.09,33.09,8.82
대전동물보호센터,대전광역시,유성구,3550,1231,828,620,854,10.449859154929577,63.91549295774648,30.704225352112672,34.68,17.46,23.32
최동물병원,충청남도,태안군,3477,761,1071,1489,113,10.633016968651136,97.06643658326144,1.7256255392579811,21.89,42.82,30.8
부안군 동물보호센터,전북특별자치도,부안군,3452,1097,1230,360,99,15.095017381228274,82.0683661645423,17.497103128621088,31.78,10.43,35.63
한국동물구조관리협회,경기도,파주시,3393,707,665,1673,304,10.712938402593576,83.43648688476276,15.67933981727085,20.84,49.31,19.6
부산동물보호센터,부산광역시,북구,3320,1108,1970,57,157,10.647289156626506,34.87951807228916,63.52409638554217,33.37,1.72,59.34
태민동물보호센터,경상남도,합천군,3261,747,449,2065,0,10.734743943575591,89.91107022385772,10.027598896044159,22.91,63.32,13.77
유기동물 삼호 보호소,전라남도,영암군,3239,549,994,1547,116,10.596480395183699,93.6091386230318,5.8660080271688795,16.95,47.76,30.69
대구유기동물보호센터,대구광역시,동구,3203,630,1101,984,480,10.501092725569778,63.90883546674993,33.49984389634717,19.67,30.72,34.37
옥천동물병원,충청북도,옥천군,3184,1477,603,748,249,10.670226130653266,68.09045226130654,27.041457286432163,46.39,23.49,18.94
남양주시동물보호센터,경기도,남양주시,3171,968,528,735,617,9.481866918953012,78.3033743298644,19.646799116997794,30.53,23.18,16.65
대전동물보호센터,대전광역시,중구,3134,833,732,504,1055,10.63401403956605,63.656668793873635,10.657306955966815,26.58,16.08,23.36
김천시 동물보호센터,경상북도,김천시,3115,995,871,727,414,10.441091492776886,80.73836276083468,17.174959871589085,31.94,23.34,27.96
대구유기동물보호협회,대구광역시,북구,3113,545,1461,651,443,10.530035335689046,47.67105685833601,48.859620944426595,17.51,20.91,46.93
종합축산,경상북도,문경시,3102,1724,502,534,323,6.273372018052869,72.40490006447453,27.04706640876854,55.58,17.21,16.18
부산동물보호센터,부산광역시,서구,3088,992,1866,93,128,10.609455958549223,47.6360103626943,51.26295336787565,32.12,3.01,60.43
전북말산업복합센터,전북특별자치도,김제시,3058,1709,705,178,159,14.183453237410072,97.28580771746239,2.583387835186396,55.89,5.82,23.05
광양시 임시보호소,전라남도,광양시,3022,1102,871,804,210,10.64228987425546,93.15023163467903,6.088682991396426,36.47,26.6,28.82
광주동물보호센터,광주광역시,남구,2988,671,1521,258,422,9.343708165997322,42.13520749665328,55.68942436412316,22.46,8.63,50.9
24시아이동물메디컬,경기도,부천시,2988,1301,775,36,768,10.299196787148594,46.285140562249,49.79919678714859,43.54,1.2,25.94
신공항동물병원,인천광역시,중구,2957,1210,563,470,253,10.638823131552249,42.543118025025365,51.606357795062564,40.92,15.89,19.04
정읍시 동물보호소,전북특별자치도,정읍시,2953,1405,622,393,187,10.587876735523198,90.24720623095158,8.973924822214698,47.58,13.31,21.06
사단법인 동부,부산광역시,기장군,2952,662,1617,154,469,10.594850948509485,66.8360433604336,31.097560975609756,22.43,5.22,54.78
보령시유기동물보호소,충청남도,보령시,2921,763,496,1204,288,10.589524135570011,92.2629236562821,6.8812050667579605,26.12,41.22,16.98
충주시동물보호센터,충청북도,충주시,2919,1391,39,900,557,8.20178143199726,98.35560123329907,1.1647824597464886,47.65,30.83,1.34
스타동물병원,경기도,안산시,2886,915,1740,1,42,12.274428274428274,0.0,98.78724878724879,31.7,0.03,60.29
한국야생동물보호협회,경기도,시흥시,2876,814,747,679,531,12.645688456189152,72.25312934631432,24.443671766342142,28.3,23.61,25.97
함안군동물보호센터,경상남도,함안군,2873,845,1286,334,70,9.623738252697528,98.01601113818307,1.427079707622694,29.41,11.63,44.76
논산시 동물보호센터,충청남도,논산시,2847,922,610,1022,244,10.599929750614683,80.25992272567615,17.87846856340007,32.38,35.9,21.43
(구)민간동물보호소,충청남도,천안시,2795,1364,723,126,384,10.638282647584973,69.12343470483006,29.481216457960645,48.8,4.51,25.87
예산동물보호센터,충청남도,예산군,2769,779,1063,728,110,10.16179126038281,76.85084868183459,22.60743950884796,28.13,26.29,38.39
광주TNR동물병원초월,경기도,광주시,2689,820,120,239,405,10.611751580513202,97.95462997396803,0.8181480104127928,30.49,8.89,4.46
동부동물보호협회,부산광역시,금정구,2689,629,1578,128,314,10.574934920044626,45.555968761621415,50.502045370026025,23.39,4.76,58.68
하남동물병원,경기도,하남시,2671,1658,453,127,307,11.929239985024335,65.48109322351179,32.94646199925121,62.07,4.75,16.96
시흥동물누리보호센터,경기도,시흥시,2666,840,286,580,581,10.36496624156039,73.66841710427607,23.330832708177045,31.51,21.76,10.73
세종유기동물보호센터,세종특별자치시,세종특별자치시,2646,1039,584,859,66,9.705215419501133,75.17006802721087,22.52456538170824,39.27,32.46,22.07
학교임시동물보호센터,전라남도,함평군,2619,332,772,1331,83,14.64413898434517,99.5418098510882,0.0,12.68,50.82,29.48
아산동물복지지원센터,충청남도,아산시,2612,1145,212,240,461,9.485451761102603,73.96630934150078,22.320061255742726,43.84,9.19,8.12
남부여동물보호소,충청남도,부여군,2610,572,618,1226,68,10.267816091954023,85.28735632183908,13.409961685823754,21.92,46.97,23.68
한국동물구조관리협회,경기도,의정부시,2580,590,419,756,744,11.01705426356589,73.83720930232558,19.883720930232556,22.87,29.3,16.24
사천시 동물보호센터,경상남도,사천시,2548,1391,260,607,103,10.683281004709576,83.08477237048666,14.91365777080063,54.59,23.82,10.2
하나동물병원,전북특별자치도,남원시,2546,1680,300,423,106,10.642183817753338,76.5121759622938,23.134328358208954,65.99,16.61,11.78
우리동물병원,인천광역시,서구,2538,1152,813,243,246,10.653270291568164,62.450748620961384,36.01260835303389,45.39,9.57,32.03
고흥군임시보호센터,전라남도,고흥군,2530,307,240,1919,49,10.643478260869566,98.85375494071145,0.9486166007905139,12.13,75.85,9.49
진해유기동물보호소,경상남도,창원시,2497,989,365,274,634,10.294753704445334,97.436924309171,1.4817781337605127,39.61,10.97,14.62
금왕동물병원,충청북도,음성군,2489,594,548,1239,108,10.977099236641221,74.04580152671755,25.833668139815185,23.87,49.78,22.02
대전동물보호센터,대전광역시,대덕구,2470,647,601,442,768,10.573684210526316,62.388663967611336,34.939271255060724,26.19,17.89,24.33
속초시유기동물보호소,강원특별자치도,속초시,2469,804,884,0,700,10.592952612393681,60.712839206156346,38.112596192790605,32.56,0.0,35.8
양산시 동물보호센터,경상남도,양산시,2443,942,357,431,247,10.629553827261564,94.31027425296766,4.502660663119116,38.56,17.64,14.61
마산유기동물보호소,경상남도,창원시,2438,1337,166,52,718,10.539786710418376,99.01558654634947,0.12305168170631665,54.84,2.13,6.81
제니스동물병원,대구광역시,수성구,2426,1103,913,23,386,10.54863973619126,34.08903544929926,64.55070074196207,45.47,0.95,37.63
(사)하얀비둘기,부산광역시,사상구,2414,482,1548,30,261,10.605219552609777,39.18806959403479,59.27920463960233,19.97,1.24,64.13
(사)동부동물보호협회,부산광역시,남구,2408,568,1362,69,376,10.583056478405316,44.60132890365448,34.38538205980066,23.59,2.87,56.56
영천유기동물보호센터,경상북도,영천시,2378,823,811,529,205,10.586627417998319,97.22455845248108,2.0185029436501263,34.61,22.25,34.1
하동군유기동물보호소,경상남도,하동군,2371,401,702,1133,128,10.427667650780261,98.73471109236608,0.5482918599746942,16.91,47.79,29.61
청조동물병원,부산광역시,연제구,2352,485,1426,60,334,10.573554421768707,31.079931972789115,30.994897959183675,20.62,2.55,60.63
영주시 동물보호센터,경상북도,영주시,2325,602,888,523,290,10.433548387096774,99.52688172043011,0.0,25.89,22.49,38.19
대전동물보호센터,대전광역시,동구,2318,769,307,382,838,10.561691113028473,73.29594477998275,20.79378774805867,33.18,16.48,13.24
구미시 동물보호센터,경상북도,구미시,2290,615,542,700,414,11.793013100436681,98.95196506550218,0.21834061135371177,26.86,30.57,23.67
해남유기동물보호센터,전라남도,해남군,2268,331,849,992,76,10.51410934744268,98.85361552028219,0.08818342151675485,14.59,43.74,37.43
부산동물보호센터,부산광역시,사하구,2223,284,1476,147,252,10.68735942420153,54.430949167791276,43.58974358974359,12.78,6.61,66.4
영덕유기동물보호센터,경상북도,영덕군,2214,347,708,936,142,10.558717253839205,91.37308039747064,8.44625112917796,15.67,42.28,31.98
(사)동부동물보호협회,부산광역시,수영구,2186,534,1253,22,327,10.608417200365965,33.165599268069535,59.37785910338518,24.43,1.01,57.32
성주군동물보호센터,경상북도,성주군,2178,1272,409,346,111,9.016988062442607,75.1147842056933,9.45821854912764,58.4,15.89,18.78
경동동물병원,인천광역시,중구,2169,822,738,234,268,10.570769940064546,42.87690179806362,55.325034578146614,37.9,10.79,34.02
칠곡유기동물보호센터,경상북도,칠곡군,2166,1562,290,177,135,7.6814404432132966,98.10710987996306,1.8005540166204987,72.11,8.17,13.39
담양군 동물보호센터,전라남도,담양군,2143,694,579,634,128,13.636957536164255,97.80681287914139,1.3065795613625757,32.38,29.58,27.02
괴산증평동물보호센터,충청북도,괴산군,2125,481,637,696,244,11.323764705882352,89.12941176470588,9.83529411764706,22.64,32.75,29.98
러브펫종합동물병원,서울특별시,관악구,2105,1391,220,0,478,10.336342042755344,46.5083135391924,49.78622327790974,66.08,0.0,10.45
광주동물보호센터,광주광역시,동구,2095,433,1106,208,277,9.452505966587113,41.90930787589499,56.18138424821002,20.67,9.93,52.79
오산 유기동물보호소,경기도,오산시,2048,446,588,555,418,10.56201171875,70.458984375,26.220703125,21.78,27.1,28.71
청산동물병원,경기도,화성시,2041,314,173,1304,125,9.527682508574228,90.64184223419892,8.770210681038707,15.38,63.89,8.48
공주시 동물보호소,충청남도,공주시,2023,657,119,1039,106,11.331191300049431,64.31043005437469,34.008897676717744,32.48,51.36,5.88
프렌즈동물병원,전북특별자치도,전주시,2010,748,391,472,372,9.324378109452736,67.41293532338308,29.751243781094526,37.21,23.48,19.45
울산유기동물보호센터,울산광역시,북구,1993,286,1220,202,171,10.663321625689914,49.32262920220773,49.724034119417965,14.35,10.14,61.21
한국야생동물보호협회,경기도,안양시,1978,553,536,299,503,10.400910010111224,61.22345803842265,33.56926188068756,27.96,15.12,27.1
인천광역시수의사회,인천광역시,연수구,1973,473,1001,142,294,10.590978205778002,46.98428788646731,50.02534211860111,23.97,7.2,50.73
유기동물임시보호센터,전라남도,완도군,1954,111,1276,502,64,11.099795291709315,99.94882292732856,0.0511770726714432,5.68,25.69,65.3
홍익동물병원,서울특별시,마포구,1952,1015,508,27,299,10.580430327868852,26.434426229508194,67.77663934426229,52.0,1.38,26.02
사천시위탁관리소,경상남도,사천시,1947,196,1551,146,54,10.466358500256804,97.99691833590138,1.5921931176168465,10.07,7.5,79.66
대구유기동물보호협회,대구광역시,남구,1944,380,960,269,334,10.532407407407407,40.22633744855967,56.53292181069959,19.55,13.84,49.38
강남동물병원,울산광역시,남구,1934,292,1234,4,156,10.498965873836609,21.25129265770424,78.49017580144778,15.1,0.21,63.81
제천시 동물보호센터,충청북도,제천시,1932,902,109,529,376,10.597826086956522,86.0248447204969,11.749482401656316,46.69,27.38,5.64
영광동물보호센터,전라남도,영광군,1928,350,132,1327,71,10.504668049792532,94.34647302904564,4.771784232365145,18.15,68.83,6.85
신안군유기동물보호소,전라남도,신안군,1902,533,1117,195,43,10.452155625657204,95.00525762355416,4.837013669821241,28.02,10.25,58.73
무안군유기동물보호소,전라남도,무안군,1880,536,664,516,77,11.624468085106383,91.86170212765957,6.276595744680851,28.51,27.45,35.32
울산유기동물보호센터,울산광역시,중구,1864,310,1046,118,177,10.597103004291846,41.41630901287554,57.02789699570815,16.63,6.33,56.12
한국동물구조관리협회,서울특별시,은평구,1862,404,502,478,425,10.575187969924812,60.257787325456505,30.343716433941996,21.7,25.67,26.96
화원연합동물병원,대구광역시,달성군,1855,608,951,178,117,10.675471698113208,34.82479784366576,63.98921832884097,32.78,9.6,51.27
예천군유기동물보호소,경상북도,예천군,1850,700,287,718,140,10.61945945945946,92.97297297297298,5.081081081081082,37.84,38.81,15.51
홍천군유기동물보호소,강원특별자치도,홍천군,1829,725,372,575,145,10.601421541826134,89.28376161837069,9.950792782941498,39.64,31.44,20.34
한국동물구조관리협회,서울특별시,강북구,1812,493,407,389,433,10.630794701986755,67.82560706401766,26.103752759381898,27.21,21.47,22.46
부산동물보호센터,부산광역시,중구,1804,565,1169,6,61,9.973392461197339,30.32150776053215,68.95787139689578,31.32,0.33,64.8
최종주동물병원,충청북도,영동군,1788,191,815,530,219,10.46979865771812,83.61297539149888,15.715883668903805,10.68,29.64,45.58
장성군동물보호센터,전라남도,장성군,1780,315,557,575,73,10.592696629213483,84.88764044943821,14.775280898876405,17.7,32.3,31.29
남해군동물보호센터,경상남도,남해군,1771,549,507,423,144,10.694522868435913,94.18407679277244,5.02540937323546,31.0,23.88,28.63
횡성유기동물보호센터,강원특별자치도,횡성군,1767,228,1195,147,192,10.606677985285796,82.2863610639502,16.185625353706847,12.9,8.32,67.63
한국야생동물보호협회,경기도,광명시,1764,497,477,416,280,12.36451247165533,65.87301587301587,29.988662131519273,28.17,23.58,27.04
부산동물보호센터,경상남도,김해시,1739,268,1174,214,82,10.566992524439334,70.55779183438759,28.924669350201267,15.41,12.31,67.51
상주시 동물보호센터,경상북도,상주시,1732,1177,189,76,179,10.390877598152425,93.41801385681293,6.0046189376443415,67.96,4.39,10.91
누리동물병원,부산광역시,동래구,1728,330,1043,50,248,11.862268518518519,25.925925925925924,21.296296296296298,19.1,2.89,60.36
동해시동물보호센터,강원특별자치도,동해시,1628,421,275,571,344,9.840909090909092,92.07616707616708,6.8181818181818175,25.86,35.07,16.89
유기동물및동물보호협,부산광역시,사하구,1625,244,1168,76,127,10.558769230769231,54.276923076923076,44.0,15.02,4.68,71.88
가나동물병원,경기도,부천시,1599,650,375,57,413,10.612257661038148,52.28267667292058,44.59036898061288,40.65,3.56,23.45
강현림동물병원,서울특별시,양천구,1598,571,434,20,540,10.586357947434292,50.25031289111389,44.74342928660826,35.73,1.25,27.16
고성군 동물가족센터,경상남도,고성군,1594,1118,286,107,71,7.797365119196988,97.9297365119197,1.5683814303638646,70.14,6.71,17.94
디아크동물종합병원,서울특별시,동작구,1580,534,364,104,472,10.601898734177215,43.860759493670884,49.050632911392405,33.8,6.58,23.04
청도군동물보호센터,경상북도,청도군,1574,637,540,322,51,10.475222363405337,99.55527318932656,0.0,40.47,20.46,34.31
의성동물보호센터,경상북도,의성군,1571,252,477,763,71,10.4506683640993,98.34500318268618,0.1273074474856779,16.04,48.57,30.36
누리동물병원,경상남도,김해시,1560,288,1096,63,109,10.542948717948718,80.64102564102565,18.461538461538463,18.46,4.04,70.26
한국동물구조관리협회,서울특별시,중랑구,1553,400,451,236,420,16.935608499678043,55.7630392788152,38.763683193818416,25.76,15.2,29.04
한국동물구조관리협회,경기도,동두천시,1542,330,216,611,344,10.576523994811932,85.08430609597924,13.164721141374839,21.4,39.62,14.01
부산동물보호센터,부산광역시,영도구,1537,348,972,30,169,10.66102797657775,46.25894599869876,52.504879635653865,22.64,1.95,63.24
한국동물구조관리협회,서울특별시,강서구,1537,380,439,285,377,10.597267404033833,57.124268054651914,36.174365647365,24.72,18.54,28.56
부산동물보호센터,부산광역시,강서구,1521,626,765,69,61,10.645627876397107,62.78763971071663,36.028928336620645,41.16,4.54,50.3
빛고을애견,전라남도,나주시,1481,308,790,334,46,10.7575962187711,85.28021607022282,12.086428089128967,20.8,22.55,53.34
(사)하얀비둘기,부산광역시,강서구,1478,232,965,71,116,10.594722598105548,71.04194857916103,27.46955345060893,15.7,4.8,65.29
박영재동물병원,전북특별자치도,전주시,1469,817,234,157,247,9.575901974132062,64.73791695030633,32.67528931245746,55.62,10.69,15.93
서천군유기동물보호소,충청남도,서천군,1465,168,219,1003,72,10.585665529010239,99.65870307167235,0.0,11.47,68.46,14.95
한국동물구조관리협회,서울특별시,송파구,1464,346,502,220,347,10.586065573770492,49.65846994535519,44.12568306010929,23.63,15.03,34.29
삼산종합동물병원,인천광역시,부평구,1437,479,502,62,352,10.514961725817676,37.2303409881698,53.37508698677801,33.33,4.31,34.93
더나은동물병원,전북특별자치도,고창군,1434,99,458,816,53,11.50557880055788,98.39609483960949,0.906555090655509,6.9,56.9,31.94
사랑애완동물병원,경상남도,통영시,1430,338,570,344,174,10.487412587412587,77.4825174825175,21.3986013986014,23.64,24.06,39.86
한국동물구조관리협회,서울특별시,성북구,1426,328,360,287,404,10.55890603085554,64.16549789621318,30.014025245441793,23.0,20.13,25.25
동부동물병원,전북특별자치도,전주시,1423,880,231,87,167,9.555867884750526,40.68868587491215,57.90583274771609,61.84,6.11,16.23
장흥군 동물보호센터,전라남도,장흥군,1423,279,311,769,31,10.635980323260716,96.97821503865075,2.178496134926212,19.61,54.04,21.86
양양군유기동물보호소,강원특별자치도,양양군,1422,395,581,373,70,10.796061884669479,99.36708860759494,0.5625879043600562,27.78,26.23,40.86
나래동물병원,경상남도,거창군,1410,282,722,338,67,10.536170212765958,91.56028368794327,7.872340425531915,20.0,23.97,51.21
한국동물구조관리협회,서울특별시,노원구,1407,358,371,302,330,10.577825159914712,64.2501776830135,30.561478322672354,25.44,21.46,26.37
가평군유기동물보호소,경기도,가평군,1406,947,61,32,166,10.466571834992887,99.14651493598862,0.6401137980085349,67.35,2.28,4.34
대구시수의사회(동인),대구광역시,중구,1391,372,605,210,203,10.541337167505391,34.363767074047445,63.12005751258087,26.74,15.1,43.49
다온유기동물보호센터,경상북도,상주시,1386,474,625,196,78,9.363636363636363,88.52813852813853,10.533910533910534,34.2,14.14,45.09
단양군동물보호센터,충청북도,단양군,1361,266,374,467,73,10.027920646583395,66.64217487141806,31.88831741366642,19.54,34.31,27.48
증평 가정견 훈련소,충청북도,진천군,1357,207,589,250,190,10.752394988946206,60.132645541635966,38.24613117170229,15.25,18.42,43.4
정샘동물병원,경기도,부천시,1354,500,543,22,196,10.551698670605614,31.0192023633678,63.8109305760709,36.93,1.62,40.1
한국동물구조관리협회,서울특별시,구로구,1343,312,375,214,318,10.71481757259866,52.27103499627699,39.76172747580045,23.23,15.93,27.92
의령군 동물보호센터,경상남도,의령군,1337,181,444,646,66,10.724008975317876,99.925205684368,0.07479431563201197,13.54,48.32,33.21
청원동물병원,전북특별자치도,남원시,1333,245,420,575,81,10.662415603900975,82.14553638409603,16.879219804951237,18.38,43.14,31.51
한국동물구조관리협회,서울특별시,동대문구,1331,366,367,202,280,10.531930879038317,52.81743050338091,39.519158527422995,27.5,15.18,27.57
한국동물구조관리협회,서울특별시,종로구,1320,278,506,315,190,10.51590909090909,46.515151515151516,49.621212121212125,21.06,23.86,38.33
울진군동물보호센터,경상북도,울진군,1318,1022,109,84,65,8.657814871016692,97.04097116843703,2.8831562974203337,77.54,6.37,8.27
링크늘푸른동물병원,전북특별자치도,전주시,1299,745,308,60,168,9.501154734411086,39.260969976905315,58.89145496535797,57.35,4.62,23.71
삼척시동물보호센터,강원특별자치도,삼척시,1293,390,137,540,119,10.307037896365042,74.47795823665894,9.126063418406806,30.16,41.76,10.6
보성유기동물보호센터,전라남도,보성군,1292,244,331,651,47,10.525541795665635,99.14860681114551,0.07739938080495357,18.89,50.39,25.62
성심동물의료센터,충청남도,서산시,1267,258,239,640,127,7.250197316495659,88.87134964483032,10.339384372533544,20.36,50.51,18.86
화순군유기동물보호소,전라남도,화순군,1266,91,853,206,116,10.64612954186414,91.07424960505529,8.135860979462874,7.19,16.27,67.38
함양군 동물보호센터,경상남도,함양군,1262,157,386,619,94,10.8256735340729,69.17591125198098,0.0,12.44,49.05,30.59
(사)동물보호관리협회,경상남도,김해시,1261,238,699,186,119,10.425059476605869,67.24821570182395,31.245043616177636,18.87,14.75,55.43
철원군,강원특별자치도,철원군,1225,305,396,387,117,10.459591836734694,97.22448979591837,1.7959183673469388,24.9,31.59,32.33
고령군 유기견 보호소,경상북도,고령군,1206,229,307,488,44,10.666666666666666,91.70812603648424,7.877280265339967,18.99,40.46,25.46
통영시동물보호센터,경상남도,통영시,1202,371,329,318,158,10.407653910149751,78.28618968386023,20.965058236272878,30.87,26.46,27.37
한국동물구조관리협회,서울특별시,도봉구,1197,318,301,192,353,8.335839598997493,64.41102756892231,30.492898913951542,26.57,16.04,25.15
곡성군동물보호소,전라남도,곡성군,1177,345,281,380,81,10.551401869158878,97.3661852166525,2.0390824129141887,29.31,32.29,23.87
테오종합동물병원,충청북도,음성군,1171,220,71,764,24,8.51665243381725,91.63108454312552,7.514944491887275,18.79,65.24,6.06
119동물병원,대구광역시,달성군,1163,254,647,191,66,10.607910576096304,46.087704213241615,52.9664660361135,21.84,16.42,55.63
한국동물구조관리협회,서울특별시,금천구,1153,301,342,232,239,10.46921075455334,57.7623590633131,37.0338248048569,26.11,20.12,29.66
거창유기동물보호센터,경상남도,거창군,1152,192,337,454,104,10.504340277777779,83.94097222222221,14.322916666666666,16.67,39.41,29.25
한국동물구조관리협회,경기도,구리시,1132,257,231,305,210,10.583038869257951,67.75618374558304,29.063604240282686,22.7,26.94,20.41
조재진동물병원,인천광역시,부평구,1125,512,304,29,235,10.601777777777778,37.51111111111111,57.51111111111111,45.51,2.58,27.02
공주시 동물보호센터,충청남도,공주시,1115,370,246,117,131,12.958744394618835,84.30493273542601,15.067264573991032,33.18,10.49,22.06
한국동물구조관리협회,서울특별시,광진구,1115,277,358,169,264,10.67354260089686,49.68609865470852,43.946188340807176,24.84,15.16,32.11
점곡동물보호센터,경상북도,청송군,1106,126,145,792,35,9.956600361663654,99.81916817359856,0.09041591320072333,11.39,71.61,13.11
한국동물구조관리협회,서울특별시,강남구,1089,342,231,158,307,11.067952249770432,58.31037649219467,33.14967860422406,31.4,14.51,21.21
정주동물병원,전북특별자치도,정읍시,1088,230,367,265,152,10.482536764705882,11.67279411764706,1.4705882352941175,21.14,24.36,33.73
백마동물병원,인천광역시,부평구,1085,550,138,142,250,10.52811059907834,49.21658986175115,47.55760368663594,50.69,13.09,12.72
남산동물병원,서울특별시,용산구,1072,360,375,2,328,10.591417910447761,39.27238805970149,55.59701492537313,33.58,0.19,34.98
세림동물병원,인천광역시,부평구,1058,736,250,3,39,10.652173913043478,5.671077504725898,92.72211720226842,69.57,0.28,23.63
산청동물보호센터,경상남도,산청군,1058,136,150,694,77,10.689981096408317,98.67674858223062,0.0945179584120983,12.85,65.6,14.18
늘푸른동물병원,인천광역시,부평구,1056,619,220,8,161,10.530303030303031,32.67045454545455,63.25757575757576,58.62,0.76,20.83
태백시유기동물보호소,강원특별자치도,태백시,1049,192,167,328,184,10.489990467111534,69.20877025738798,29.26596758817922,18.3,31.27,15.92
구례군동물보호센터,전라남도,구례군,1031,384,207,270,36,10.657613967022309,99.61202715809894,0.0,37.25,26.19,20.08
가나동물병원,경상북도,경주시,1025,329,280,351,62,11.025365853658537,79.31707317073172,20.097560975609756,32.1,34.24,27.32
한국동물구조관리협회,서울특별시,영등포구,1024,252,295,150,272,10.525390625,53.3203125,37.109375,24.61,14.65,28.81
대구시수의사회(삼성),대구광역시,서구,1007,843,101,10,53,10.626613704071499,21.1519364448858,78.45084409136047,83.71,0.99,10.03
진천군유기동물보호소,충청북도,진천군,991,397,218,256,118,10.6226034308779,73.86478304742684,24.419778002018163,40.06,25.83,22.0
한국동물구조관리협회,서울특별시,성동구,987,247,342,160,198,10.578520770010131,46.707193515704155,46.09929078014184,25.03,16.21,34.65
인제군동물보호센터,강원특별자치도,인제군,986,422,206,228,112,9.453346855983773,75.15212981744422,19.168356997971603,42.8,23.12,20.89
울산유기동물보호센터,울산광역시,동구,968,154,526,59,111,10.575413223140496,41.735537190082646,55.47520661157025,15.91,6.1,54.34
일산동물의료센터,울산광역시,동구,954,374,368,86,71,10.663522012578616,16.037735849056602,83.01886792452831,39.2,9.01,38.57
한국야생동물보호협회,경기도,군포시,952,233,258,135,221,12.732142857142858,56.82773109243697,35.609243697478995,24.47,14.18,27.1
산타클라라동물병원,울산광역시,중구,942,95,565,0,121,10.63163481953291,14.118895966029724,81.63481953290871,10.08,0.0,59.98
대구수의사회(아이펫),대구광역시,서구,940,370,345,142,79,10.607446808510637,22.4468085106383,75.85106382978724,39.36,15.11,36.7
대구시수의사회(보경),대구광역시,서구,939,574,194,26,145,10.580404685835996,34.185303514377,65.0692225772098,61.13,2.77,20.66
청도동물보호소,경상북도,청도군,934,184,221,459,70,10.481798715203427,97.32334047109208,0.32119914346895073,19.7,49.14,23.66
짱구네동물병원,인천광역시,부평구,934,423,300,1,187,10.635974304068522,29.657387580299787,64.88222698072805,45.29,0.11,32.12
미소종합동물병원,경상남도,고성군,913,87,45,751,29,14.752464403066814,99.45235487404163,0.43811610076670315,9.53,82.26,4.93
유기견임시보호소,강원특별자치도,고성군,911,205,267,323,114,10.355653128430296,93.96267837541163,4.829857299670691,22.5,35.46,29.31
대구시수의사회(더펫),대구광역시,서구,903,390,274,140,90,10.466223698781839,32.00442967884828,66.66666666666666,43.19,15.5,30.34
유기동물보호소,전라남도,무안군,901,280,228,335,47,10.523862375138735,88.23529411764706,11.542730299667037,31.08,37.18,25.31
화천군농업기술센터,강원특별자치도,화천군,892,230,373,215,62,10.615470852017937,90.02242152466367,0.0,25.78,24.1,41.82
화순위탁보호소,전라남도,화순군,878,142,423,265,48,10.507972665148063,95.8997722095672,3.758542141230068,16.17,30.18,48.18
명곡역동물병원,대구광역시,달성군,869,508,240,53,67,10.535097813578826,37.16915995397008,60.52934407364787,58.46,6.1,27.62
보령길고양이보호협회,충청남도,보령시,866,404,441,3,4,10.688221709006928,0.23094688221709006,98.96073903002309,46.65,0.35,50.92
고창동물병원,전북특별자치도,고창군,863,143,261,407,43,9.749710312862108,88.99188876013905,7.068366164542295,16.57,47.16,30.24
대전광역시동물보호소,대전광역시,동구,854,237,260,193,164,10.613583138173302,62.177985948477755,29.859484777517565,27.75,22.6,30.44
호크종합동물병원,충청남도,논산시,852,579,142,0,39,10.54225352112676,27.464788732394368,71.94835680751174,67.96,0.0,16.67
강현림동물병원,서울특별시,관악구,852,223,224,132,237,10.551643192488262,64.67136150234741,25.0,26.17,15.49,26.29
연합동물병원,전북특별자치도,부안군,849,340,224,247,28,11.67962308598351,84.33451118963487,14.605418138987044,40.05,29.09,26.38
한국동물구조관리협회,서울특별시,서초구,841,222,228,180,146,16.638525564803803,53.983353151010704,34.244946492271104,26.4,21.4,27.11
둔촌동물병원,서울특별시,강동구,835,423,248,7,103,10.783233532934132,27.54491017964072,70.65868263473054,50.66,0.84,29.7
한국동물구조관리협회,서울특별시,서대문구,823,221,216,165,191,10.74969623329283,58.80923450789793,35.722964763061974,26.85,20.05,26.25
주동물병원,울산광역시,남구,821,273,417,40,23,10.602923264311816,15.347137637028013,83.80024360535931,33.25,4.87,50.79
울진동물병원,경상북도,울진군,821,222,9,559,29,7.492082825822168,99.63459196102315,0.3654080389768575,27.04,68.09,1.1
영월군 동물보호센터,강원특별자치도,영월군,820,217,109,354,103,10.03780487804878,90.85365853658537,8.292682926829269,26.46,43.17,13.29
대구시수의사회(평리),대구광역시,서구,819,286,433,43,52,10.474969474969475,19.902319902319903,79.12087912087912,34.92,5.25,52.87
제일동물병원,충청남도,금산군,814,227,204,298,77,9.141277641277641,84.64373464373465,14.864864864864865,27.89,36.61,25.06
우성동물병원,대구광역시,군위군,802,256,174,295,62,10.687032418952619,49.50124688279301,3.7406483790523692,31.92,36.78,21.7
강화군 동물보호센터,인천광역시,강화군,797,166,209,306,48,10.647427854454204,76.91342534504392,22.961104140526974,20.83,38.39,26.22
유기동물보호센터,경상북도,안동시,772,555,12,10,193,14.92357512953368,94.04145077720207,0.0,71.89,1.3,1.55
예스동물병원,대구광역시,수성구,772,194,519,0,59,10.395077720207254,16.709844559585495,83.16062176165802,25.13,0.0,67.23
대한동물사랑협회,전라남도,순천시,768,407,270,10,20,6.421875,6.510416666666667,81.38020833333334,52.99,1.3,35.16
다나동물병원,강원특별자치도,정선군,762,116,296,278,26,7.1141732283464565,43.1758530183727,56.56167979002624,15.22,36.48,38.85
군포시 보호소,경기도,군포시,761,188,117,103,137,10.546649145860709,34.69119579500657,63.337713534822605,24.7,13.53,15.37
청양보호소,충청남도,청양군,760,293,161,231,65,9.727631578947369,93.15789473684211,5.131578947368421,38.55,30.39,21.18
우남동물병원,전라남도,장성군,757,83,20,595,48,10.369881109643329,42.800528401585204,0.13210039630118892,10.96,78.6,2.64
인천수의사회유기동물,인천광역시,옹진군,750,181,323,165,11,14.161333333333333,89.46666666666667,10.133333333333333,24.13,22.0,43.07
사랑동물병원,울산광역시,남구,740,323,272,5,80,10.558108108108108,21.35135135135135,77.56756756756756,43.65,0.68,36.76
인월동물병원,전북특별자치도,남원시,740,318,107,255,26,10.514864864864865,65.94594594594595,33.24324324324324,42.97,34.46,14.46
울산유기동물보호센터,울산광역시,남구,723,85,341,148,112,10.627939142461964,83.54080221300138,12.863070539419086,11.76,20.47,47.16
한성동물병원,경기도,수원시,707,271,189,32,198,7.31966053748232,39.321074964639315,55.58698727015559,38.33,4.53,26.73
사단법인 하얀비둘기,부산광역시,동구,692,116,486,8,80,10.625722543352602,38.4393063583815,47.687861271676304,16.76,1.16,70.23
군위종합동물병원,대구광역시,군위군,683,166,75,369,8,10.619326500732065,78.33089311859443,20.790629575402637,24.3,54.03,10.98
달성축산동물병원,대구광역시,달성군,683,170,123,358,32,10.622254758418741,90.92240117130308,8.49194729136164,24.89,52.42,18.01
대구시수의사회(동산),대구광역시,중구,682,636,45,0,1,10.560117302052786,0.0,98.82697947214076,93.26,0.0,6.6
임실유기동물보호센터,전북특별자치도,임실군,679,295,191,129,62,12.966126656848306,96.17083946980854,0.29455081001472755,43.45,19.0,28.13
21세기동물병원,전북특별자치도,전주시,660,275,131,90,117,9.603030303030303,57.42424242424242,40.60606060606061,41.67,13.64,19.85
완주군유기동물보호소,전북특별자치도,완주군,657,246,156,11,65,8.26027397260274,92.8462709284627,5.93607305936073,37.44,1.67,23.74
(사)유기동물및동물,부산광역시,강서구,655,124,442,59,23,10.766412213740457,83.20610687022901,14.50381679389313,18.93,9.01,67.48
진도군임시보호소,전라남도,진도군,654,138,61,389,56,8.545871559633028,85.3211009174312,2.1406727828746175,21.1,59.48,9.33
리얼펫동물병원,세종특별자치시,세종특별자치시,636,184,81,314,32,10.611635220125786,72.32704402515722,26.10062893081761,28.93,49.37,12.74
유명동물병원,충청남도,논산시,620,124,193,288,14,10.541935483870967,82.9032258064516,14.193548387096774,20.0,46.45,31.13
태산동물병원,전북특별자치도,완주군,618,213,302,12,43,10.564724919093852,92.71844660194175,0.0,34.47,1.94,48.87
한국동물구조관리협회,서울특별시,중구,609,179,181,99,132,10.451559934318555,43.51395730706076,43.67816091954023,29.39,16.26,29.72
멘토동물병원,대구광역시,수성구,609,500,79,0,29,10.438423645320198,10.344827586206897,88.3415435139573,82.1,0.0,12.97
미래펫동물병원,울산광역시,남구,607,197,299,13,54,10.464579901153213,18.616144975288304,80.23064250411862,32.45,2.14,49.26
파주독 애견호텔,경기도,파주시,604,169,5,294,116,10.756622516556291,97.51655629139073,0.0,27.98,48.68,0.83
금강동물병원,대구광역시,수성구,595,455,54,0,60,10.715966386554621,26.554621848739497,73.27731092436974,76.47,0.0,9.08
신세계동물병원,대구광역시,수성구,588,347,176,1,54,10.537414965986395,17.17687074829932,76.53061224489795,59.01,0.17,29.93
진안군유기동물보호소,전북특별자치도,진안군,587,158,159,83,33,6.712095400340716,81.60136286201022,18.228279386712096,26.92,14.14,27.09
버디종합동물병원,경기도,파주시,577,392,44,84,33,10.668977469670711,96.36048526863085,3.466204506065858,67.94,14.56,7.63
현풍동물병원,대구광역시,달성군,560,335,142,50,25,10.619642857142857,38.92857142857143,60.71428571428571,59.82,8.93,25.36
고성군임시보호소,강원특별자치도,고성군,551,65,57,381,47,11.172413793103448,96.73321234119783,0.5444646098003629,11.8,69.15,10.34
하나동물병원,전북특별자치도,전주시,542,399,82,10,51,9.55350553505535,39.85239852398524,59.40959409594095,73.62,1.85,15.13
라파동물병원,경상북도,고령군,538,68,37,412,18,10.535315985130111,95.35315985130111,3.3457249070631967,12.64,76.58,6.88
허동물병원,대구광역시,수성구,534,266,89,93,83,10.614232209737828,32.958801498127336,66.47940074906367,49.81,17.42,16.67
강동리본센터(reborn),서울특별시,강동구,529,189,3,7,322,10.935727788279774,99.8109640831758,0.0,35.73,1.32,0.57
경동동물병원,인천광역시,동구,521,170,193,21,95,10.562380038387715,37.42802303262956,57.965451055662186,32.63,4.03,37.04
한국야생동물보호협회,경기도,의왕시,510,133,116,153,87,10.66470588235294,70.98039215686275,24.313725490196077,26.08,30.0,22.75
펫동물병원,대구광역시,수성구,501,303,123,12,49,10.510978043912175,29.94011976047904,67.66467065868264,60.48,2.4,24.55
영양군유기동물보호소,경상북도,영양군,498,287,125,23,36,10.495983935742972,94.37751004016064,4.417670682730924,57.63,4.62,25.1
스마일동물병원,울산광역시,남구,497,326,133,2,8,10.575452716297788,6.237424547283702,93.56136820925553,65.59,0.4,26.76
최상오동물병원,충청북도,보은군,495,73,68,260,45,10.535353535353535,85.05050505050505,12.727272727272727,14.75,52.53,13.74
(사)동부동물보호협회,부산광역시,동래구,472,120,273,7,62,10.114406779661017,31.991525423728813,66.3135593220339,25.42,1.48,57.84
GD동물병원,서울특별시,강동구,465,188,235,14,15,10.95483870967742,6.236559139784946,92.90322580645162,40.43,3.01,50.54
효자동물병원,전북특별자치도,전주시,464,210,109,62,36,8.810344827586206,75.0,23.060344827586206,45.26,13.36,23.49
평창군유기동물보호소,강원특별자치도,평창군,462,285,88,54,34,10.257575757575758,99.13419913419914,0.0,61.69,11.69,19.05
우신동물병원,충청남도,금산군,442,204,42,141,52,10.518099547511312,87.10407239819004,10.180995475113122,46.15,31.9,9.5
서신동물병원,전북특별자치도,전주시,436,225,71,64,44,9.194954128440367,60.09174311926605,39.678899082568805,51.61,14.68,16.28
쿨펫동물병원,울산광역시,북구,434,227,117,72,18,10.47926267281106,32.25806451612903,64.28571428571429,52.3,16.59,26.96
동울산동물병원,울산광역시,동구,431,196,166,35,12,10.672853828306264,14.617169373549885,84.91879350348029,45.48,8.12,38.52
증평가정견훈련소,충청북도,증평군,429,145,87,154,43,10.608391608391608,97.9020979020979,0.4662004662004662,33.8,35.9,20.28
양구군유기동물보호소,강원특별자치도,양구군,413,141,32,196,38,10.41404358353511,100.0,0.0,34.14,47.46,7.75
강진군 유기견 보호소,전라남도,강진군,411,80,106,202,20,10.501216545012165,95.62043795620438,0.0,19.46,49.15,25.79
동인동물병원,대구광역시,달성군,396,127,81,145,43,10.48989898989899,69.44444444444444,29.292929292929294,32.07,36.62,20.45
구미유기동물보호센터,경상북도,구미시,389,166,32,143,48,10.57840616966581,98.97172236503856,0.0,42.67,36.76,8.23
월드동물병원,충청남도,금산군,384,110,42,179,51,10.481770833333334,83.85416666666666,4.166666666666666,28.65,46.61,10.94
인천종합동물병원,인천광역시,동구,363,116,84,75,49,10.50137741046832,50.13774104683195,49.311294765840216,31.96,20.66,23.14
수성동물병원,경기도,의왕시,362,55,123,83,36,10.56353591160221,51.657458563535904,48.06629834254144,15.19,22.93,33.98
녹십자동물병원,충청남도,부여군,362,6,0,355,1,9.61049723756906,97.23756906077348,2.7624309392265194,1.66,98.07,0.0
논산시청,충청남도,논산시,361,79,48,200,32,10.609418282548477,98.61495844875347,0.554016620498615,21.88,55.4,13.3
나은동물병원,경기도,파주시,358,252,12,2,40,10.670391061452515,95.25139664804469,3.6312849162011176,70.39,0.56,3.35
평택시동물보호센터,경기도,평택시,355,134,61,45,60,11.061971830985916,59.71830985915493,26.197183098591548,37.75,12.68,17.18
서산동물병원,충청남도,서산시,353,125,69,127,28,7.2719546742209635,70.25495750708215,28.89518413597734,35.41,35.98,19.55
봉화군유기동물보호소,경상북도,봉화군,343,112,40,172,19,11.498542274052479,97.667638483965,0.0,32.65,50.15,11.66
보은군동물보호센터,충청북도,보은군,333,48,42,212,25,10.654654654654655,96.3963963963964,1.8018018018018018,14.41,63.66,12.61
동대문구청,서울특별시,동대문구,333,214,11,0,28,116.83183183183183,12.012012012012011,81.98198198198197,64.26,0.0,3.3
한국야생동물보호협회,경기도,과천시,332,77,97,96,54,12.53012048192771,82.2289156626506,14.759036144578314,23.19,28.92,29.22
반려동물 입양센터,경상북도,구미시,329,241,10,2,61,6.887537993920972,55.92705167173252,39.209726443769,73.25,0.61,3.04
행복한동물병원,경기도,파주시,327,268,8,17,34,10.565749235474007,94.4954128440367,4.281345565749235,81.96,5.2,2.45
로뎀동물병원,경기도,파주시,313,230,15,11,44,10.686900958466454,92.33226837060703,7.0287539936102235,73.48,3.51,4.79
별빛유기동물지킴이,전북특별자치도,완주군,312,148,100,0,19,10.445512820512821,98.71794871794873,0.9615384615384616,47.44,0.0,32.05
KU건국동물병원,충청남도,예산군,307,82,60,137,21,7.120521172638436,81.75895765472313,17.263843648208468,26.71,44.63,19.54
가야유기동물보호소,경상북도,성주군,297,43,88,149,17,10.61952861952862,99.66329966329967,0.33670033670033667,14.48,50.17,29.63
도담,전북특별자치도,완주군,293,95,97,0,13,10.672354948805461,90.10238907849829,9.897610921501707,32.42,0.0,33.11
디아크 동물종합병원,서울특별시,관악구,290,130,46,41,68,10.693103448275862,63.44827586206897,29.655172413793103,44.83,14.14,15.86
동행동물병원,대구광역시,달성군,288,202,51,15,18,10.64236111111111,36.45833333333333,61.458333333333336,70.14,5.21,17.71
계룡시유기동물보호소,충청남도,계룡시,286,151,30,77,26,10.55944055944056,98.95104895104895,1.048951048951049,52.8,26.92,10.49
파주24시동물병원,경기도,파주시,279,187,22,3,47,10.67383512544803,68.81720430107528,29.749103942652326,67.03,1.08,7.89
운정튼튼동물병원,경기도,파주시,276,178,45,10,27,10.43840579710145,62.31884057971014,37.31884057971014,64.49,3.62,16.3
수동물병원,전북특별자치도,전주시,275,100,97,45,33,9.64,60.36363636363637,36.72727272727273,36.36,16.36,35.27
가야동물병원,경기도,부천시,268,134,55,2,59,10.593283582089553,37.3134328358209,61.56716417910447,50.0,0.75,20.52
행복한동물병원,전북특별자치도,진안군,267,132,104,16,11,10.573033707865168,87.64044943820225,11.235955056179774,49.44,5.99,38.95
문 동물병원 ,전북특별자치도,장수군,265,27,1,224,6,14.815094339622641,92.83018867924528,3.7735849056603774,10.19,84.53,0.38
해미보호소,충청남도,서산시,254,50,60,132,12,7.177165354330708,92.91338582677166,0.0,19.69,51.97,23.62
예산임시동물보호센터,충청남도,예산군,250,172,34,1,29,7.048,87.2,10.4,68.8,0.4,13.6
보경동물병원,경상남도,거창군,245,46,28,166,5,10.510204081632653,98.36734693877551,1.2244897959183674,18.78,67.76,11.43
포산동물병원,대구광역시,달성군,244,127,58,39,16,10.676229508196721,18.0327868852459,37.704918032786885,52.05,15.98,23.77
제이준동물병원,전북특별자치도,장수군,239,78,43,94,7,15.435146443514645,90.3765690376569,9.623430962343097,32.64,39.33,17.99
한국동물구조관리협회,서울특별시,강동구,238,55,19,98,59,11.11344537815126,75.63025210084034,0.0,23.11,41.18,7.98
동구종합동물병원,부산광역시,동구,237,57,121,9,25,10.552742616033756,25.738396624472575,72.15189873417721,24.05,3.8,51.05
순창유기동물보호소,전북특별자치도,순창군,232,120,76,0,23,10.125,98.27586206896551,1.7241379310344827,51.72,0.0,32.76
수성동물병원,경기도,과천시,224,56,53,67,12,10.486607142857142,63.83928571428571,34.375,25.0,29.91,23.66
하남동물보호센터,경기도,하남시,222,145,13,0,44,10.527027027027026,83.78378378378379,13.963963963963963,65.32,0.0,5.86
가정견훈련소,충청북도,증평군,220,43,64,65,44,11.272727272727273,80.9090909090909,17.272727272727273,19.55,29.55,29.09
킴스동물병원,경상북도,울진군,219,92,28,86,6,8.45662100456621,95.4337899543379,4.5662100456621,42.01,39.27,12.79
한국동물구조관리협회,경기도,하남시,211,59,54,82,16,10.815165876777252,81.99052132701422,14.691943127962084,27.96,38.86,25.59
울산동물병원,울산광역시,중구,205,122,69,0,14,10.502439024390243,20.975609756097562,79.02439024390245,59.51,0.0,33.66
박영재동물병원,전북특별자치도,임실군,204,114,66,19,5,15.5,99.50980392156863,0.0,55.88,9.31,32.35
태안 동물보호소,충청남도,태안군,204,119,70,12,2,10.740196078431373,99.50980392156863,0.0,58.33,5.88,34.31
연합동물병원,전북특별자치도,완주군,202,56,38,77,27,10.584158415841584,95.54455445544554,3.4653465346534658,27.72,38.12,18.81
웰케어 동물병원,서울특별시,마포구,194,111,44,4,32,10.65979381443299,24.742268041237114,74.74226804123711,57.22,2.06,22.68
대구시수의사회(삼덕),대구광역시,중구,186,124,54,0,8,10.268817204301076,5.376344086021505,94.6236559139785,66.67,0.0,29.03
화성시민동물보호센터,경기도,화성시,177,23,59,91,1,9.209039548022599,94.91525423728814,3.954802259887006,12.99,51.41,33.33
팜그린동물약품병원,전북특별자치도,진안군,177,77,63,30,7,10.463276836158192,77.40112994350282,18.07909604519774,43.5,16.95,35.59
원동물병원,전북특별자치도,순창군,176,12,83,73,7,10.380681818181818,94.31818181818183,2.272727272727273,6.82,41.48,47.16
제이스동물병원,대구광역시,달성군,176,36,64,76,0,10.801136363636363,84.0909090909091,15.909090909090908,20.45,43.18,36.36
부천시수의사회,경기도,부천시,169,52,26,10,65,10.502958579881657,96.44970414201184,0.0,30.77,5.92,15.38
경동동물병원,인천광역시,연수구,168,84,60,0,19,10.952380952380953,29.761904761904763,64.28571428571429,50.0,0.0,35.71
서초동물사랑센터,서울특별시,서초구,160,110,1,0,47,15.88125,91.875,6.25,68.75,0.0,0.62
무주군,전북특별자치도,무주군,153,62,8,36,47,10.529411764705882,98.69281045751634,0.0,40.52,23.53,5.23
남산동물병원,울산광역시,남구,148,89,34,0,18,10.087837837837839,27.7027027027027,72.2972972972973,60.14,0.0,22.97
진안가축병원,전북특별자치도,진안군,147,80,13,45,8,10.72108843537415,82.31292517006803,17.006802721088434,54.42,30.61,8.84
오수동물병원,전북특별자치도,임실군,142,17,12,107,6,10.528169014084508,97.1830985915493,0.0,11.97,75.35,8.45
21세기동물병원,서울특별시,용산구,137,58,11,0,52,10.700729927007298,62.77372262773723,36.496350364963504,42.34,0.0,8.03
열린동물병원,서울특별시,용산구,137,50,3,0,83,10.693430656934307,94.16058394160584,3.64963503649635,36.5,0.0,2.19
아프리카동물병원,전북특별자치도,전주시,136,48,21,7,60,9.397058823529411,69.11764705882352,25.735294117647058,35.29,5.15,15.44
내품애센터,서울특별시,서대문구,133,55,1,0,77,10.496240601503759,92.4812030075188,7.518796992481203,41.35,0.0,0.75
세인트동물병원,대구광역시,수성구,130,66,51,7,6,10.86923076923077,21.53846153846154,77.6923076923077,50.77,5.38,39.23
와우동물병원,울산광역시,울주군,122,14,59,47,1,10.819672131147541,71.31147540983606,28.688524590163933,11.48,38.52,48.36
이태원동물병원,서울특별시,용산구,119,35,12,0,71,10.478991596638656,68.90756302521008,27.73109243697479,29.41,0.0,10.08
종합동물병원,충청남도,청양군,114,43,9,42,13,7.254385964912281,95.6140350877193,3.508771929824561,37.72,36.84,7.89
구리시 반려돌봄센터,경기도,구리시,101,92,4,0,5,6.188118811881188,34.65346534653465,65.34653465346535,91.09,0.0,3.96
장수군 보호소,전북특별자치도,장수군,91,52,30,0,6,14.417582417582418,94.5054945054945,2.197802197802198,57.14,0.0,32.97
한국야생동물보호관리,경기도,의왕시,88,35,30,12,9,10.681818181818182,43.18181818181818,54.54545454545454,39.77,13.64,34.09
첨단우리동물병원,광주광역시,광산구,86,41,16,9,9,11.046511627906977,55.81395348837209,44.18604651162791,47.67,10.47,18.6
이상윤동물병원,서울특별시,용산구,83,53,12,0,18,10.53012048192771,10.843373493975903,87.95180722891565,63.86,0.0,14.46
초록동물병원,울산광역시,울주군,83,56,7,15,5,10.710843373493976,86.74698795180723,13.253012048192772,67.47,18.07,8.43
노원반려동물문화센터,서울특별시,노원구,80,35,0,0,17,6.8125,100.0,0.0,43.75,0.0,0.0
리틀쥬동물의료원,울산광역시,남구,80,38,32,1,4,10.3,12.5,67.5,47.5,1.25,40.0
미엘동물병원,경기도,파주시,78,57,4,0,12,10.35897435897436,92.3076923076923,6.41025641025641,73.08,0.0,5.13
정동물병원,경기도,수원시,78,29,6,21,22,7.397435897435898,78.2051282051282,16.666666666666664,37.18,26.92,7.69
금릉동물병원,경기도,파주시,76,44,6,3,11,10.473684210526315,80.26315789473685,19.736842105263158,57.89,3.95,7.89
주동물병원,충청남도,계룡시,76,24,4,35,13,10.421052631578947,98.68421052631578,0.0,31.58,46.05,5.26
부산동물보호센터,부산광역시,동구,75,20,44,3,8,10.533333333333333,50.66666666666667,44.0,26.67,4.0,58.67
사랑플러스동물병원,전북특별자치도,전주시,75,33,16,11,6,9.373333333333333,54.666666666666664,42.66666666666667,44.0,14.67,21.33
강북동물병원,충청남도,공주시,75,6,1,61,6,10.773333333333333,94.66666666666667,5.333333333333334,8.0,81.33,1.33
이솝동물병원,울산광역시,북구,68,17,28,5,4,10.470588235294118,58.82352941176471,38.23529411764706,25.0,7.35,41.18
울릉군농업기술센터,경상북도,울릉군,64,9,7,38,10,10.40625,98.4375,1.5625,14.06,59.38,10.94
에덴동물병원,경기도,수원시,62,20,4,17,19,7.258064516129032,90.32258064516128,9.67741935483871,32.26,27.42,6.45
영덕반려동물입양센터,경상북도,영덕군,62,48,8,0,0,10.725806451612904,17.741935483870968,82.25806451612904,77.42,0.0,12.9
울산유기동물입양센터,울산광역시,동구,62,53,8,1,0,10.258064516129032,0.0,100.0,85.48,1.61,12.9
전조동,경상남도,의령군,61,5,0,53,2,10.278688524590164,100.0,0.0,8.2,86.89,0.0
장안동물병원,경기도,수원시,60,24,0,9,26,7.233333333333333,85.0,6.666666666666667,40.0,15.0,0.0
제주에니시스(주),제주특별자치도,제주시,60,36,8,3,13,10.883333333333333,3.3333333333333335,0.0,60.0,5.0,13.33
대구시수의사회(원),대구광역시,중구,60,29,28,0,3,10.25,20.0,80.0,48.33,0.0,46.67
한빛동물병원,서울특별시,성동구,58,32,5,2,0,6.4655172413793105,1.7241379310344827,98.27586206896551,55.17,3.45,8.62
데이지동물병원,전북특별자치도,전주시,57,27,7,15,8,9.280701754385966,59.64912280701754,38.59649122807017,47.37,26.32,12.28
방실웃는 동물병원,경기도,수원시,56,31,4,5,16,7.214285714285714,64.28571428571429,33.92857142857143,55.36,8.93,7.14
수성동물병원,경기도,화성시,55,1,32,0,0,9.50909090909091,0.0,100.0,1.82,0.0,58.18
산타클라라동물병원,울산광역시,북구,55,1,37,0,0,11.072727272727272,7.2727272727272725,90.9090909090909,1.82,0.0,67.27
범서조은동물병원,울산광역시,울주군,54,34,3,0,17,10.962962962962964,98.14814814814815,0.0,62.96,0.0,5.56
펫토이동물병원,서울특별시,용산구,54,15,6,0,32,10.777777777777779,59.25925925925925,37.03703703703704,27.78,0.0,11.11
쿨펫 홈플러스 북구점,울산광역시,북구,54,26,6,13,9,10.333333333333334,18.51851851851852,81.48148148148148,48.15,24.07,11.11
현대동물병원,경기도,수원시,54,24,0,10,18,7.37037037037037,87.03703703703704,7.4074074074074066,44.44,18.52,0.0
레오동물병원,경기도,수원시,53,16,1,17,19,7.2075471698113205,92.45283018867924,1.8867924528301887,30.19,32.08,1.89
문산동물병원,경기도,파주시,53,30,1,0,14,10.754716981132075,94.33962264150944,3.7735849056603774,56.6,0.0,1.89
한빛동물병원,경기도,수원시,53,16,0,16,19,7.132075471698113,94.33962264150944,3.7735849056603774,30.19,30.19,0.0
광명반함센터,경기도,광명시,52,28,1,0,23,11.365384615384615,100.0,0.0,53.85,0.0,1.92
두리동물클리닉,경기도,수원시,51,34,5,0,11,7.235294117647059,49.01960784313725,39.21568627450981,66.67,0.0,9.8
닥터김 동물병원,경기도,수원시,50,24,1,13,11,7.34,78.0,22.0,48.0,26.0,2.0
연두동물병원,경기도,수원시,50,16,0,11,19,7.28,98.0,0.0,32.0,22.0,0.0
고병기동물병원,경기도,수원시,50,14,2,16,18,7.72,100.0,0.0,28.0,32.0,4.0
두리동물병원,경기도,수원시,50,10,0,16,24,7.22,98.0,0.0,20.0,32.0,0.0
동물사랑동물병원,경기도,수원시,48,18,0,14,16,7.208333333333333,91.66666666666666,8.333333333333332,37.5,29.17,0.0
나눔농장,경기도,부천시,46,40,0,0,5,10.608695652173912,17.391304347826086,0.0,86.96,0.0,0.0
광양동물메디컬센터,전라남도,광양시,46,37,2,2,4,10.217391304347826,91.30434782608695,8.695652173913043,80.43,4.35,4.35
신영통동물병원,경기도,수원시,45,15,2,16,12,7.511111111111111,93.33333333333333,0.0,33.33,35.56,4.44
정철동물병원,울산광역시,북구,44,22,17,2,3,10.590909090909092,9.090909090909092,88.63636363636364,50.0,4.55,38.64
강아지와 고양이,경기도,이천시,43,3,13,24,3,10.395348837209303,81.3953488372093,13.953488372093023,6.98,55.81,30.23
한남동물병원,서울특별시,용산구,41,16,9,1,13,10.804878048780488,34.146341463414636,58.536585365853654,39.02,2.44,21.95
한국고양이보호협회,서울특별시,서울특별시,40,0,0,0,0,10.45,0.0,97.5,0.0,0.0,0.0
원효동물병원,서울특별시,용산구,40,13,16,0,7,10.425,25.0,62.5,32.5,0.0,40.0
제주애견학교,제주특별자치도,제주시,34,23,11,0,0,11.176470588235293,0.0,0.0,67.65,0.0,32.35
청송동물보호센터,경상북도,청송군,33,0,1,31,0,11.181818181818182,93.93939393939394,6.0606060606060606,0.0,93.94,3.03
군포시청,경기도,군포시,33,16,4,3,7,11.454545454545455,66.66666666666666,24.242424242424242,48.48,9.09,12.12
광교산동물병원,경기도,수원시,33,4,1,18,10,7.393939393939394,84.84848484848484,6.0606060606060606,12.12,54.55,3.03
인천수의사회유기동물,인천광역시,강화군,31,13,2,10,0,10.0,96.7741935483871,0.0,41.94,32.26,6.45
강동구청 반려동물팀 ,서울특별시,강동구,31,4,1,0,26,10.67741935483871,83.87096774193549,0.0,12.9,0.0,3.23
동물자유연대,서울특별시,마포구,30,0,0,0,0,10.0,0.0,86.66666666666667,0.0,0.0,0.0
감자동물병원,대구광역시,수성구,30,21,7,0,2,10.766666666666667,23.333333333333332,76.66666666666667,70.0,0.0,23.33
효창동물병원,서울특별시,용산구,30,17,4,0,9,10.833333333333334,33.33333333333333,36.666666666666664,56.67,0.0,13.33
홍성반려동물문화센터,충청남도,홍성군,28,15,1,0,8,9.035714285714286,85.71428571428571,0.0,53.57,0.0,3.57
패밀리동물병원,전북특별자치도,전주시,28,14,2,5,4,9.75,89.28571428571429,10.714285714285714,50.0,17.86,7.14
유가축병원,전북특별자치도,진안군,24,10,4,8,0,10.541666666666666,79.16666666666666,20.833333333333336,41.67,33.33,16.67
가온동물병원,경기도,파주시,22,15,0,0,7,10.454545454545455,86.36363636363636,4.545454545454546,68.18,0.0,0.0
고양이보호분양센터,경상남도,통영시,21,13,8,0,0,8.428571428571429,0.0,100.0,61.9,0.0,38.1
광주첨단YB동물병원,광주광역시,북구,20,10,4,2,4,10.55,100.0,0.0,50.0,10.0,20.0
산타클라라동물병원,울산광역시,남구,20,2,7,0,1,10.1,5.0,95.0,10.0,0.0,35.0
성일동물병원,강원특별자치도,철원군,20,6,8,4,2,10.45,100.0,0.0,30.0,20.0,40.0
MK동물병원,울산광역시,울주군,20,14,0,0,6,10.9,100.0,0.0,70.0,0.0,0.0
늘푸른 동물병원,경기도,수원시,19,11,1,2,5,7.7368421052631575,73.68421052631578,26.31578947368421,57.89,10.53,5.26
사단법인 하얀비둘기,부산광역시,기장군,19,1,9,9,0,8.105263157894736,100.0,0.0,5.26,47.37,47.37
야당동물병원,경기도,파주시,19,16,0,2,1,11.105263157894736,89.47368421052632,10.526315789473683,84.21,10.53,0.0
구로 동물복지센터,서울특별시,마포구,19,16,0,0,0,10.0,0.0,89.47368421052632,84.21,0.0,0.0
준수동물병원,경기도,수원시,19,7,0,4,6,7.947368421052632,100.0,0.0,36.84,21.05,0.0
제2동물보호센터,제주특별자치도,제주시,19,15,3,0,0,10.947368421052632,100.0,0.0,78.95,0.0,15.79
망원동물병원,서울특별시,마포구,18,5,0,0,13,10.833333333333334,100.0,0.0,27.78,0.0,0.0
박창석동물병원,서울특별시,마포구,17,5,7,0,5,10.529411764705882,47.05882352941176,52.94117647058824,29.41,0.0,41.18
TNR동물병원,경상남도,창원시,17,9,0,0,6,10.882352941176471,100.0,0.0,52.94,0.0,0.0
광주동물보호센터,광주광역시,광주광역시,17,2,4,3,6,9.0,58.82352941176471,29.411764705882355,11.76,17.65,23.53
산타클라라동물병원,울산광역시,동구,16,2,13,0,1,10.25,12.5,87.5,12.5,0.0,81.25
조은동물병원,서울특별시,성동구,15,11,2,0,2,9.933333333333334,26.666666666666668,73.33333333333333,73.33,0.0,13.33
용강동물병원,서울특별시,마포구,15,6,1,1,7,10.866666666666667,73.33333333333333,20.0,40.0,6.67,6.67
24시센트럴동물메디컬,서울특별시,성동구,15,4,0,0,11,10.466666666666667,66.66666666666666,26.666666666666668,26.67,0.0,0.0
서울동물복지지원센터,서울특별시,마포구,14,2,0,0,0,10.571428571428571,50.0,50.0,14.29,0.0,0.0
민트동물병원,서울특별시,용산구,12,6,2,0,4,10.833333333333334,50.0,50.0,50.0,0.0,16.67
거창군 동물보호소,경상남도,거창군,12,6,3,2,1,10.75,83.33333333333334,16.666666666666664,50.0,16.67,25.0
바른길동물병원,경상북도,성주군,11,7,2,2,0,7.090909090909091,81.81818181818183,18.181818181818183,63.64,18.18,18.18
라온동물병원,서울특별시,용산구,11,6,1,0,4,10.636363636363637,27.27272727272727,45.45454545454545,54.55,0.0,9.09
라임동물병원,경기도,파주시,11,9,0,0,2,10.272727272727273,100.0,0.0,81.82,0.0,0.0
서울동물복지지원센터,서울특별시,광진구,10,2,0,0,0,11.0,10.0,90.0,20.0,0.0,0.0
임실 임시보호소,전북특별자치도,임실군,10,2,4,4,0,11.3,100.0,0.0,20.0,40.0,40.0
팻파라다이스,경기도,파주시,10,6,0,0,4,10.4,100.0,0.0,60.0,0.0,0.0
다나동물병원,광주광역시,광산구,9,1,7,0,0,9.88888888888889,22.22222222222222,77.77777777777779,11.11,0.0,77.78
사단법인 포유,울산광역시,북구,9,8,1,0,0,11.0,0.0,100.0,88.89,0.0,11.11
의왕시청,경기도,의왕시,8,5,2,1,0,10.0,50.0,50.0,62.5,12.5,25.0
경동동물병원,인천광역시,옹진군,8,2,0,0,0,14.125,100.0,0.0,25.0,0.0,0.0
제주동물보호센터,제주특별자치도,제주시,7,6,1,0,0,10.714285714285714,0.0,0.0,85.71,0.0,14.29
다나동물병원,광주광역시,북구,7,4,2,0,0,4.285714285714286,0.0,100.0,57.14,0.0,28.57
음성군청,충청북도,음성군,7,6,0,1,0,8.857142857142858,14.285714285714285,14.285714285714285,85.71,14.29,0.0
두타동물병원,강원특별자치도,삼척시,6,1,1,4,0,10.0,33.33333333333333,0.0,16.67,66.67,16.67
쿨펫동물병원(문산),경기도,파주시,6,5,0,1,0,10.5,100.0,0.0,83.33,16.67,0.0
서울동물복지지원센터,서울특별시,중랑구,5,0,0,0,0,20.0,0.0,100.0,0.0,0.0,0.0
금강동물병원,서울특별시,용산구,5,3,0,0,2,11.0,40.0,60.0,60.0,0.0,0.0
구로댕냥이네,서울특별시,구로구,5,5,0,0,0,14.2,0.0,100.0,100.0,0.0,0.0
아지동물병원,서울특별시,성동구,5,4,1,0,0,11.6,0.0,100.0,80.0,0.0,20.0
현클리닉,제주특별자치도,서귀포시,5,1,4,0,0,9.6,0.0,0.0,20.0,0.0,80.0
서울수의사용산구분회,서울특별시,용산구,5,2,1,0,0,10.6,20.0,60.0,40.0,0.0,20.0
파주365동물의료센터,경기도,파주시,5,3,0,1,1,10.4,100.0,0.0,60.0,20.0,0.0
벤지동물병원,전라남도,나주시,5,2,2,1,0,10.4,40.0,60.0,40.0,20.0,40.0
서울동물복지지원센터,서울특별시,관악구,5,0,0,0,0,11.0,0.0,100.0,0.0,0.0,0.0
대관령동물병원,경기도,남양주시,4,1,2,0,0,10.5,50.0,50.0,25.0,0.0,50.0
강동물병원,전북특별자치도,남원시,4,4,0,0,0,11.0,100.0,0.0,100.0,0.0,0.0
누리동물병원,부산광역시,연제구,4,0,4,0,0,10.0,0.0,0.0,0.0,0.0,100.0
오수의과 동물병원,충청북도,진천군,4,0,0,3,0,10.75,75.0,25.0,0.0,75.0,0.0
거창군 농업기술센터,경상남도,거창군,4,2,0,0,1,11.0,50.0,0.0,50.0,0.0,0.0
C.T종합동물병원,서울특별시,마포구,4,1,0,0,3,10.25,100.0,0.0,25.0,0.0,0.0
시민동물병원,인천광역시,남동구,3,0,0,0,2,10.0,66.66666666666666,33.33333333333333,0.0,0.0,0.0
서울동물복지지원센터,서울특별시,은평구,3,0,0,0,0,10.666666666666666,100.0,0.0,0.0,0.0,0.0
정 동물병원,대전광역시,서구,3,3,0,0,0,10.0,33.33333333333333,66.66666666666666,100.0,0.0,0.0
시흥시농업기술센터,경기도,시흥시,3,3,0,0,0,11.0,100.0,0.0,100.0,0.0,0.0
금강유역환경청,대전광역시,유성구,3,2,0,1,0,10.0,100.0,0.0,66.67,33.33,0.0
수영구청,부산광역시,수영구,3,0,2,0,1,11.666666666666666,33.33333333333333,66.66666666666666,0.0,0.0,66.67
피학대동물임시보호소,충청북도,증평군,3,3,0,0,0,12.0,100.0,0.0,100.0,0.0,0.0
자인동물병원,경상북도,경산시,3,2,1,0,0,10.0,33.33333333333333,66.66666666666666,66.67,0.0,33.33
우리동물병원생명사회,서울특별시,은평구,3,1,0,0,1,10.0,0.0,100.0,33.33,0.0,0.0
서울동물복지지원센터,서울특별시,노원구,3,0,0,0,0,10.0,100.0,0.0,0.0,0.0,0.0
동물보호시민단체카라,서울특별시,마포구,3,0,0,0,1,11.0,33.33333333333333,33.33333333333333,0.0,0.0,0.0
유기동물보호관리협회,부산광역시,영도구,2,1,1,0,0,11.0,100.0,0.0,50.0,0.0,50.0
유기동물 제1보호소,전라남도,영암군,2,1,1,0,0,11.0,0.0,0.0,50.0,0.0,50.0
오렌지동물병원,서울특별시,성동구,2,1,0,0,1,10.0,100.0,0.0,50.0,0.0,0.0
기장군,부산광역시,기장군,2,2,0,0,0,10.0,100.0,0.0,100.0,0.0,0.0
고성군 동물보호센터,강원특별자치도,고성군,2,2,0,0,0,7.0,100.0,0.0,100.0,0.0,0.0
서울동물병원,경상남도,고성군,2,1,0,0,0,7.5,100.0,0.0,50.0,0.0,0.0
김천시동물보호소종료,경상북도,김천시,2,0,0,2,0,10.0,100.0,0.0,0.0,100.0,0.0
제주동물보호센터,제주특별자치도,서귀포시,2,0,1,0,1,10.5,0.0,0.0,0.0,0.0,50.0
성동구청,서울특별시,성동구,2,1,1,0,0,11.5,50.0,50.0,50.0,0.0,50.0
서울고양이입양카페,서울특별시,광진구,2,0,1,0,0,10.5,0.0,100.0,0.0,0.0,50.0
청화동물병원,서울특별시,용산구,2,0,0,0,2,10.0,50.0,50.0,0.0,0.0,0.0
부산동구청,부산광역시,동구,2,2,0,0,0,5.0,0.0,100.0,100.0,0.0,0.0
부산동물보호센터,부산광역시,부산진구,1,0,1,0,0,11.0,100.0,0.0,0.0,0.0,100.0
유기동물및동물보호협,부산광역시,북구,1,1,0,0,0,11.0,0.0,100.0,100.0,0.0,0.0
유기동물및동물보호,부산광역시,동래구,1,0,1,0,0,10.0,0.0,0.0,0.0,0.0,100.0
박철환동물병원,서울특별시,동대문구,1,0,0,0,0,12.0,0.0,100.0,0.0,0.0,0.0
서울동물복지지원센터,서울특별시,용산구,1,0,0,0,0,11.0,0.0,100.0,0.0,0.0,0.0
강동리본센터,서울특별시,광진구,1,1,0,0,0,12.0,100.0,0.0,100.0,0.0,0.0
서울동물복지지원센터,서울특별시,도봉구,1,0,0,0,0,7.0,100.0,0.0,0.0,0.0,0.0
행담동물병원,충청남도,당진시,1,1,0,0,0,10.0,0.0,0.0,100.0,0.0,0.0
유기견없는도시,경기도,용인시,1,1,0,0,0,10.0,100.0,0.0,100.0,0.0,0.0
청주시 TNR,충청북도,청주시,1,0,0,0,1,11.0,100.0,0.0,0.0,0.0,0.0
부산유기동물보호협회,부산광역시,중구,1,1,0,0,0,10.0,100.0,0.0,100.0,0.0,0.0
진보동물병원,경상북도,청송군,1,0,0,1,0,7.0,100.0,0.0,0.0,100.0,0.0
부천시청,경기도,부천시,1,1,0,0,0,11.0,0.0,0.0,100.0,0.0,0.0
청송동물병원,경상북도,청송군,1,0,0,1,0,10.0,100.0,0.0,0.0,100.0,0.0
서산시 농업기술센터,충청남도,서산시,1,0,0,0,1,7.0,100.0,0.0,0.0,0.0,0.0
퍼피동물병원,대전광역시,서구,1,1,0,0,0,10.0,100.0,0.0,100.0,0.0,0.0
우리동물병원(TNR),경상남도,거창군,1,0,0,0,1,10.0,100.0,0.0,0.0,0.0,0.0
여주시청,경기도,여주시,1,1,0,0,0,10.0,100.0,0.0,100.0,0.0,0.0
한강유역환경청,서울특별시,서초구,1,1,0,0,0,7.0,0.0,0.0,100.0,0.0,0.0
안성시농업기술센터,경기도,안성시,1,1,0,0,0,10.0,0.0,100.0,100.0,0.0,0.0
노원 TNR DAY,서울특별시,노원구,1,0,0,0,0,0.0,100.0,0.0,0.0,0.0,0.0
늘푸른동물병원,대전광역시,유성구,1,1,0,0,0,10.0,100.0,0.0,100.0,0.0,0.0
연합동물병원,전북특별자치도,고창군,1,1,0,0,0,11.0,100.0,0.0,100.0,0.0,0.0
대구시수의사회(고려),대구광역시,중구,1,0,0,0,1,10.0,100.0,0.0,0.0,0.0,0.0
신성가축병원,경상남도,함양군,1,0,0,1,0,12.0,0.0,0.0,0.0,100.0,0.0
동부종합동물병원,전북특별자치도,진안군,1,0,0,1,0,10.0,100.0,0.0,0.0,100.0,0.0
수호동물병원,강원특별자치도,영월군,1,0,0,1,0,7.0,100.0,0.0,0.0,100.0,0.0
동인동물병원,경기도,남양주시,1,1,0,0,0,13.0,100.0,0.0,100.0,0.0,0.0
펫365동물병원,서울특별시,성동구,1,0,0,0,1,12.0,100.0,0.0,0.0,0.0,0.0
(사)대구시수의사회,대구광역시,중구,1,0,0,0,1,10.0,100.0,0.0,0.0,0.0,0.0
디어마이프렌즈,충청남도,천안시,1,1,0,0,0,10.0,100.0,0.0,100.0,0.0,0.0
유기동물보호소,전북특별자치도,김제시,1,1,0,0,0,10.0,100.0,0.0,100.0,0.0,0.0
제일가축병원,경상남도,고성군,1,1,0,0,0,9.0,100.0,0.0,100.0,0.0,0.0
로얄동물병원,충청남도,서산시,1,0,0,1,0,7.0,100.0,0.0,0.0,100.0,0.0
한성동물병원,서울특별시,관악구,1,1,0,0,0,10.0,0.0,100.0,100.0,0.0,0.0
세우리동물병원,인천광역시,남동구,1,0,1,0,0,10.0,0.0,100.0,0.0,0.0,100.0
마포구청,서울특별시,마포구,1,0,0,0,0,11.0,0.0,0.0,0.0,0.0,0.0
도담,전북특별자치도,장수군,1,0,1,0,0,15.0,100.0,0.0,0.0,0.0,100.0
